harness_label,pressure_level_label,mode_label,session_id,request_id,expected_replay_request_id,controller_decision_id,controller_command_id,backend_name,backend_accepted,backend_acted,direct_hook_available,direct_load_mechanism,prepare_plan_status,prepare_plan_admission,prepare_plan_reason,prepare_plan_host_tokens,selective_admission_reason,selective_admission_status,selective_admission_host_tokens,selective_admission_min_saved_tokens,prepared_control_status,prepared_control_path,prepared_loaded_tokens,requested_before_replay_due,requested_before_replay_start,requested_to_replay_due_ms,requested_to_replay_start_ms,load_back_events_before_replay_compute,h2d_copy_events_before_replay_compute,first_movement_before_sglang_receive,first_movement_before_replay_compute,backend_reason,verdict,case_id,case_dir
DeepAgents,P3 Queue Pressure,PKV = Controller proactive KV management,hatcher_p3_high_session_000,hatcher_p3_high_session_000_initial,hatcher_p3_high_session_000_replay_01,decision-0e6d739b50b0ff49,cmd-2451c522a76227a6,controller_proactive_kv_management,yes,yes,yes,prepared_prefix_control,would_load_back,admit,admit_host_resident_evicted_prefix,2048,,,,,load_back_not_admitted,,,yes,yes,109362.352,109371.684,0,0,no,no,targeted SGLang KV prefetch hook accepted,"targeted prefetch hook acted, but KV movement telemetry was not observed before replay compute",hatcher_p3_high_controller_proactive_kv_management_tw1000_f15_twprofcustom_steps2_seed20260916_enccontroller_audit_pivots,/home/ec2-user/agentic_hardware/sglang_direct_kv/artifacts/results/work_audit/controller_pivots_20261009_01/raw/runs/controlled/s2_trial1_controller_proactive_kv_management/hatcher_p3_high_controller_proactive_kv_management_tw1000_f15_twprofcustom_steps2_seed20260916_enccontroller_audit_pivots
DeepAgents,P3 Queue Pressure,PKV = Controller proactive KV management,hatcher_p3_high_session_000_pressure_002,hatcher_p3_high_session_000_pressure_002_tool_wait_01,hatcher_p3_high_session_000_pressure_002_replay_01,decision-30d71b06cac8c58a,cmd-c3c9e83c79bf2dc2,controller_proactive_kv_management,yes,yes,yes,prepared_prefix_control,would_load_back,admit,admit_host_resident_evicted_prefix,2048,,,,,load_back_not_admitted,,,yes,yes,73167.737,73177.391,0,0,no,no,targeted SGLang KV prefetch hook accepted,"targeted prefetch hook acted, but KV movement telemetry was not observed before replay compute",hatcher_p3_high_controller_proactive_kv_management_tw1000_f15_twprofcustom_steps2_seed20260916_enccontroller_audit_pivots,/home/ec2-user/agentic_hardware/sglang_direct_kv/artifacts/results/work_audit/controller_pivots_20261009_01/raw/runs/controlled/s2_trial1_controller_proactive_kv_management/hatcher_p3_high_controller_proactive_kv_management_tw1000_f15_twprofcustom_steps2_seed20260916_enccontroller_audit_pivots
DeepAgents,P3 Queue Pressure,PKV = Controller proactive KV management,hatcher_p3_high_session_000_pressure_000,hatcher_p3_high_session_000_pressure_000_tool_wait_01,hatcher_p3_high_session_000_pressure_000_replay_01,decision-78cd2766bdbc785c,cmd-a37e424321588ae0,controller_proactive_kv_management,yes,yes,yes,prepared_prefix_control,would_load_back,admit,admit_host_resident_evicted_prefix,2048,,,,,ready,hiradix.load_back+hicache.start_loading,8193,yes,yes,78537.138,78546.379,1,1,no,no,targeted SGLang KV prefetch hook accepted,"targeted prefetch hook acted, but KV movement telemetry was not observed before replay compute",hatcher_p3_high_controller_proactive_kv_management_tw1000_f15_twprofcustom_steps2_seed20260916_enccontroller_audit_pivots,/home/ec2-user/agentic_hardware/sglang_direct_kv/artifacts/results/work_audit/controller_pivots_20261009_01/raw/runs/controlled/s2_trial1_controller_proactive_kv_management/hatcher_p3_high_controller_proactive_kv_management_tw1000_f15_twprofcustom_steps2_seed20260916_enccontroller_audit_pivots
DeepAgents,P3 Queue Pressure,PKV = Controller proactive KV management,hatcher_p3_high_session_000_pressure_005,hatcher_p3_high_session_000_pressure_005_tool_wait_01,hatcher_p3_high_session_000_pressure_005_replay_01,decision-69c0211a781597a0,cmd-5ad2e47c0bbbfab9,controller_proactive_kv_management,yes,yes,yes,prepared_prefix_control,would_load_back,admit,admit_host_resident_evicted_prefix,2048,,,,,ready,hiradix.load_back+hicache.start_loading,8192,yes,yes,100263.342,100275.695,1,1,no,no,targeted SGLang KV prefetch hook accepted,"targeted prefetch hook acted, but KV movement telemetry was not observed before replay compute",hatcher_p3_high_controller_proactive_kv_management_tw1000_f15_twprofcustom_steps2_seed20260916_enccontroller_audit_pivots,/home/ec2-user/agentic_hardware/sglang_direct_kv/artifacts/results/work_audit/controller_pivots_20261009_01/raw/runs/controlled/s2_trial1_controller_proactive_kv_management/hatcher_p3_high_controller_proactive_kv_management_tw1000_f15_twprofcustom_steps2_seed20260916_enccontroller_audit_pivots
DeepAgents,P3 Queue Pressure,PKV = Controller proactive KV management,hatcher_p3_high_session_000_pressure_006,hatcher_p3_high_session_000_pressure_006_tool_wait_01,hatcher_p3_high_session_000_pressure_006_replay_01,decision-74c2b2bf4853683f,cmd-0417a6cf398f6ad8,controller_proactive_kv_management,yes,yes,yes,prepared_prefix_control,would_load_back,admit,admit_host_resident_evicted_prefix,2048,,,,,ready,hiradix.load_back+hicache.start_loading,8533,yes,yes,76536.663,76546.078,1,1,no,no,targeted SGLang KV prefetch hook accepted,"targeted prefetch hook acted, but KV movement telemetry was not observed before replay compute",hatcher_p3_high_controller_proactive_kv_management_tw1000_f15_twprofcustom_steps2_seed20260916_enccontroller_audit_pivots,/home/ec2-user/agentic_hardware/sglang_direct_kv/artifacts/results/work_audit/controller_pivots_20261009_01/raw/runs/controlled/s2_trial1_controller_proactive_kv_management/hatcher_p3_high_controller_proactive_kv_management_tw1000_f15_twprofcustom_steps2_seed20260916_enccontroller_audit_pivots
DeepAgents,P3 Queue Pressure,PKV = Controller proactive KV management,hatcher_p3_high_session_000_pressure_007,hatcher_p3_high_session_000_pressure_007_tool_wait_01,hatcher_p3_high_session_000_pressure_007_replay_01,decision-e9997e8abb439207,cmd-328b981d7347cb7e,controller_proactive_kv_management,yes,yes,yes,prepared_prefix_control,would_load_back,admit,admit_host_resident_evicted_prefix,2048,,,,,ready,hiradix.load_back+hicache.start_loading,8192,yes,yes,82192.03,82205.229,1,1,no,no,targeted SGLang KV prefetch hook accepted,"targeted prefetch hook acted, but KV movement telemetry was not observed before replay compute",hatcher_p3_high_controller_proactive_kv_management_tw1000_f15_twprofcustom_steps2_seed20260916_enccontroller_audit_pivots,/home/ec2-user/agentic_hardware/sglang_direct_kv/artifacts/results/work_audit/controller_pivots_20261009_01/raw/runs/controlled/s2_trial1_controller_proactive_kv_management/hatcher_p3_high_controller_proactive_kv_management_tw1000_f15_twprofcustom_steps2_seed20260916_enccontroller_audit_pivots
DeepAgents,P3 Queue Pressure,PKV = Controller proactive KV management,hatcher_p3_high_session_000_pressure_008,hatcher_p3_high_session_000_pressure_008_tool_wait_01,hatcher_p3_high_session_000_pressure_008_replay_01,decision-3fdc3126c632aca1,cmd-107ed1182b0b9976,controller_proactive_kv_management,yes,yes,yes,prepared_prefix_control,would_load_back,admit,admit_host_resident_evicted_prefix,2048,,,,,ready,hiradix.load_back+hicache.start_loading,8501,yes,yes,103561.315,103570.443,1,1,no,no,targeted SGLang KV prefetch hook accepted,"targeted prefetch hook acted, but KV movement telemetry was not observed before replay compute",hatcher_p3_high_controller_proactive_kv_management_tw1000_f15_twprofcustom_steps2_seed20260916_enccontroller_audit_pivots,/home/ec2-user/agentic_hardware/sglang_direct_kv/artifacts/results/work_audit/controller_pivots_20261009_01/raw/runs/controlled/s2_trial1_controller_proactive_kv_management/hatcher_p3_high_controller_proactive_kv_management_tw1000_f15_twprofcustom_steps2_seed20260916_enccontroller_audit_pivots
DeepAgents,P3 Queue Pressure,PKV = Controller proactive KV management,hatcher_p3_high_session_000_pressure_009,hatcher_p3_high_session_000_pressure_009_tool_wait_01,hatcher_p3_high_session_000_pressure_009_replay_01,decision-471670677ea1e523,cmd-b906538452680601,controller_proactive_kv_management,yes,yes,yes,prepared_prefix_control,would_load_back,admit,admit_host_resident_evicted_prefix,2048,,,,,ready,hiradix.load_back+hicache.start_loading,8192,yes,yes,68739.066,68748.284,1,1,no,no,targeted SGLang KV prefetch hook accepted,"targeted prefetch hook acted, but KV movement telemetry was not observed before replay compute",hatcher_p3_high_controller_proactive_kv_management_tw1000_f15_twprofcustom_steps2_seed20260916_enccontroller_audit_pivots,/home/ec2-user/agentic_hardware/sglang_direct_kv/artifacts/results/work_audit/controller_pivots_20261009_01/raw/runs/controlled/s2_trial1_controller_proactive_kv_management/hatcher_p3_high_controller_proactive_kv_management_tw1000_f15_twprofcustom_steps2_seed20260916_enccontroller_audit_pivots
DeepAgents,P3 Queue Pressure,PKV = Controller proactive KV management,hatcher_p3_high_session_000_pressure_010,hatcher_p3_high_session_000_pressure_010_tool_wait_01,hatcher_p3_high_session_000_pressure_010_replay_01,decision-14072e1360d518d0,cmd-01b7388ddd77ea70,controller_proactive_kv_management,yes,yes,yes,prepared_prefix_control,would_load_back,admit,admit_host_resident_evicted_prefix,2048,,,,,ready,hiradix.load_back+hicache.start_loading,8517,yes,yes,107681.703,107690.899,1,1,no,no,targeted SGLang KV prefetch hook accepted,"targeted prefetch hook acted, but KV movement telemetry was not observed before replay compute",hatcher_p3_high_controller_proactive_kv_management_tw1000_f15_twprofcustom_steps2_seed20260916_enccontroller_audit_pivots,/home/ec2-user/agentic_hardware/sglang_direct_kv/artifacts/results/work_audit/controller_pivots_20261009_01/raw/runs/controlled/s2_trial1_controller_proactive_kv_management/hatcher_p3_high_controller_proactive_kv_management_tw1000_f15_twprofcustom_steps2_seed20260916_enccontroller_audit_pivots
DeepAgents,P3 Queue Pressure,PKV = Controller proactive KV management,hatcher_p3_high_session_000_pressure_011,hatcher_p3_high_session_000_pressure_011_tool_wait_01,hatcher_p3_high_session_000_pressure_011_replay_01,decision-fd9eb90a1e242163,cmd-390cb2d85a4dd653,controller_proactive_kv_management,yes,yes,yes,prepared_prefix_control,would_load_back,admit,admit_host_resident_evicted_prefix,2048,,,,,ready,hiradix.load_back+hicache.start_loading,8192,yes,yes,70145.95,70155.18,1,1,no,no,targeted SGLang KV prefetch hook accepted,"targeted prefetch hook acted, but KV movement telemetry was not observed before replay compute",hatcher_p3_high_controller_proactive_kv_management_tw1000_f15_twprofcustom_steps2_seed20260916_enccontroller_audit_pivots,/home/ec2-user/agentic_hardware/sglang_direct_kv/artifacts/results/work_audit/controller_pivots_20261009_01/raw/runs/controlled/s2_trial1_controller_proactive_kv_management/hatcher_p3_high_controller_proactive_kv_management_tw1000_f15_twprofcustom_steps2_seed20260916_enccontroller_audit_pivots
DeepAgents,P3 Queue Pressure,PKV = Controller proactive KV management,hatcher_p3_high_session_000_pressure_012,hatcher_p3_high_session_000_pressure_012_tool_wait_01,hatcher_p3_high_session_000_pressure_012_replay_01,decision-6cba32e4987427e5,cmd-696c8f2378c4c7ef,controller_proactive_kv_management,yes,yes,yes,prepared_prefix_control,would_load_back,admit,admit_host_resident_evicted_prefix,2048,,,,,load_back_not_admitted,,,yes,yes,87642.089,87658.176,0,0,no,no,targeted SGLang KV prefetch hook accepted,"targeted prefetch hook acted, but KV movement telemetry was not observed before replay compute",hatcher_p3_high_controller_proactive_kv_management_tw1000_f15_twprofcustom_steps2_seed20260916_enccontroller_audit_pivots,/home/ec2-user/agentic_hardware/sglang_direct_kv/artifacts/results/work_audit/controller_pivots_20261009_01/raw/runs/controlled/s2_trial1_controller_proactive_kv_management/hatcher_p3_high_controller_proactive_kv_management_tw1000_f15_twprofcustom_steps2_seed20260916_enccontroller_audit_pivots
DeepAgents,P3 Queue Pressure,PKV = Controller proactive KV management,hatcher_p3_high_session_000_pressure_013,hatcher_p3_high_session_000_pressure_013_tool_wait_01,hatcher_p3_high_session_000_pressure_013_replay_01,decision-299c466171cbd4a4,cmd-b3af9205693a756e,controller_proactive_kv_management,yes,yes,yes,prepared_prefix_control,would_load_back,admit,admit_host_resident_evicted_prefix,2048,,,,,ready,hiradix.load_back+hicache.start_loading,8527,yes,yes,105229.105,105238.217,1,1,no,no,targeted SGLang KV prefetch hook accepted,"targeted prefetch hook acted, but KV movement telemetry was not observed before replay compute",hatcher_p3_high_controller_proactive_kv_management_tw1000_f15_twprofcustom_steps2_seed20260916_enccontroller_audit_pivots,/home/ec2-user/agentic_hardware/sglang_direct_kv/artifacts/results/work_audit/controller_pivots_20261009_01/raw/runs/controlled/s2_trial1_controller_proactive_kv_management/hatcher_p3_high_controller_proactive_kv_management_tw1000_f15_twprofcustom_steps2_seed20260916_enccontroller_audit_pivots
DeepAgents,P3 Queue Pressure,PKV = Controller proactive KV management,hatcher_p3_high_session_000_pressure_014,hatcher_p3_high_session_000_pressure_014_tool_wait_01,hatcher_p3_high_session_000_pressure_014_replay_01,decision-017a6e0e1db4c7d5,cmd-ef4647e1199aeaa4,controller_proactive_kv_management,yes,yes,yes,prepared_prefix_control,would_load_back,admit,admit_host_resident_evicted_prefix,2048,,,,,ready,hiradix.load_back+hicache.start_loading,8192,yes,yes,102727.113,102736.258,1,1,no,no,targeted SGLang KV prefetch hook accepted,"targeted prefetch hook acted, but KV movement telemetry was not observed before replay compute",hatcher_p3_high_controller_proactive_kv_management_tw1000_f15_twprofcustom_steps2_seed20260916_enccontroller_audit_pivots,/home/ec2-user/agentic_hardware/sglang_direct_kv/artifacts/results/work_audit/controller_pivots_20261009_01/raw/runs/controlled/s2_trial1_controller_proactive_kv_management/hatcher_p3_high_controller_proactive_kv_management_tw1000_f15_twprofcustom_steps2_seed20260916_enccontroller_audit_pivots
DeepAgents,P3 Queue Pressure,PKV = Controller proactive KV management,hatcher_p3_high_session_000_pressure_002,hatcher_p3_high_session_000_pressure_002_tool_wait_02,hatcher_p3_high_session_000_pressure_002_replay_02,decision-44be2e73c2b97689,cmd-75221c46be378429,controller_proactive_kv_management,yes,yes,yes,prepared_prefix_control,would_load_back,admit,admit_host_resident_evicted_prefix,2048,,,,,ready,hiradix.load_back+hicache.start_loading,8540,yes,yes,75005.404,75014.565,1,1,no,no,targeted SGLang KV prefetch hook accepted,"targeted prefetch hook acted, but KV movement telemetry was not observed before replay compute",hatcher_p3_high_controller_proactive_kv_management_tw1000_f15_twprofcustom_steps2_seed20260916_enccontroller_audit_pivots,/home/ec2-user/agentic_hardware/sglang_direct_kv/artifacts/results/work_audit/controller_pivots_20261009_01/raw/runs/controlled/s2_trial1_controller_proactive_kv_management/hatcher_p3_high_controller_proactive_kv_management_tw1000_f15_twprofcustom_steps2_seed20260916_enccontroller_audit_pivots
DeepAgents,P3 Queue Pressure,PKV = Controller proactive KV management,hatcher_p3_high_session_000,hatcher_p3_high_session_000_initial,hatcher_p3_high_session_000_replay_02,decision-4d5db6d18feca4aa,cmd-2515bb259718fd0c,controller_proactive_kv_management,yes,yes,yes,prepared_prefix_control,would_load_back,admit,admit_host_resident_evicted_prefix,2048,,,,,ready,hiradix.load_back+hicache.start_loading,8192,yes,yes,101181.718,101190.898,1,1,no,no,targeted SGLang KV prefetch hook accepted,"targeted prefetch hook acted, but KV movement telemetry was not observed before replay compute",hatcher_p3_high_controller_proactive_kv_management_tw1000_f15_twprofcustom_steps2_seed20260916_enccontroller_audit_pivots,/home/ec2-user/agentic_hardware/sglang_direct_kv/artifacts/results/work_audit/controller_pivots_20261009_01/raw/runs/controlled/s2_trial1_controller_proactive_kv_management/hatcher_p3_high_controller_proactive_kv_management_tw1000_f15_twprofcustom_steps2_seed20260916_enccontroller_audit_pivots
DeepAgents,P3 Queue Pressure,PKV = Controller proactive KV management,hatcher_p3_high_session_000_pressure_001,hatcher_p3_high_session_000_pressure_001_tool_wait_02,hatcher_p3_high_session_000_pressure_001_replay_02,decision-3e64b5f8e4a07654,cmd-a8b4782d6cea4247,controller_proactive_kv_management,yes,yes,yes,prepared_prefix_control,would_load_back,admit,admit_host_resident_evicted_prefix,2048,,,,,ready,hiradix.load_back+hicache.start_loading,8482,yes,yes,69374.181,69383.391,1,1,no,no,targeted SGLang KV prefetch hook accepted,"targeted prefetch hook acted, but KV movement telemetry was not observed before replay compute",hatcher_p3_high_controller_proactive_kv_management_tw1000_f15_twprofcustom_steps2_seed20260916_enccontroller_audit_pivots,/home/ec2-user/agentic_hardware/sglang_direct_kv/artifacts/results/work_audit/controller_pivots_20261009_01/raw/runs/controlled/s2_trial1_controller_proactive_kv_management/hatcher_p3_high_controller_proactive_kv_management_tw1000_f15_twprofcustom_steps2_seed20260916_enccontroller_audit_pivots
DeepAgents,P3 Queue Pressure,PKV = Controller proactive KV management,hatcher_p3_high_session_000_pressure_006,hatcher_p3_high_session_000_pressure_006_tool_wait_02,hatcher_p3_high_session_000_pressure_006_replay_02,decision-a7a78ceb26072ec5,cmd-84bec43766c5deff,controller_proactive_kv_management,yes,yes,yes,prepared_prefix_control,would_load_back,admit,admit_host_resident_evicted_prefix,2048,,,,,ready,hiradix.load_back+hicache.start_loading,8532,yes,yes,81926.357,81944.401,1,1,no,no,targeted SGLang KV prefetch hook accepted,"targeted prefetch hook acted, but KV movement telemetry was not observed before replay compute",hatcher_p3_high_controller_proactive_kv_management_tw1000_f15_twprofcustom_steps2_seed20260916_enccontroller_audit_pivots,/home/ec2-user/agentic_hardware/sglang_direct_kv/artifacts/results/work_audit/controller_pivots_20261009_01/raw/runs/controlled/s2_trial1_controller_proactive_kv_management/hatcher_p3_high_controller_proactive_kv_management_tw1000_f15_twprofcustom_steps2_seed20260916_enccontroller_audit_pivots
DeepAgents,P3 Queue Pressure,PKV = Controller proactive KV management,hatcher_p3_high_session_000_pressure_009,hatcher_p3_high_session_000_pressure_009_tool_wait_02,hatcher_p3_high_session_000_pressure_009_replay_02,decision-d403bc8bf38e4470,cmd-5533550eb53fb86a,controller_proactive_kv_management,yes,yes,yes,prepared_prefix_control,would_load_back,admit,admit_host_resident_evicted_prefix,2048,,,,,ready,hiradix.load_back+hicache.start_loading,8192,yes,yes,106836.483,106845.739,1,1,no,no,targeted SGLang KV prefetch hook accepted,"targeted prefetch hook acted, but KV movement telemetry was not observed before replay compute",hatcher_p3_high_controller_proactive_kv_management_tw1000_f15_twprofcustom_steps2_seed20260916_enccontroller_audit_pivots,/home/ec2-user/agentic_hardware/sglang_direct_kv/artifacts/results/work_audit/controller_pivots_20261009_01/raw/runs/controlled/s2_trial1_controller_proactive_kv_management/hatcher_p3_high_controller_proactive_kv_management_tw1000_f15_twprofcustom_steps2_seed20260916_enccontroller_audit_pivots
DeepAgents,P3 Queue Pressure,PKV = Controller proactive KV management,hatcher_p3_high_session_000_pressure_007,hatcher_p3_high_session_000_pressure_007_tool_wait_02,hatcher_p3_high_session_000_pressure_007_replay_02,decision-35fd2c2a2cb4df09,cmd-26510530795d9f91,controller_proactive_kv_management,yes,yes,yes,prepared_prefix_control,would_load_back,admit,admit_host_resident_evicted_prefix,2048,,,,,ready,hiradix.load_back+hicache.start_loading,8192,yes,yes,83988.154,83997.471,1,1,no,no,targeted SGLang KV prefetch hook accepted,"targeted prefetch hook acted, but KV movement telemetry was not observed before replay compute",hatcher_p3_high_controller_proactive_kv_management_tw1000_f15_twprofcustom_steps2_seed20260916_enccontroller_audit_pivots,/home/ec2-user/agentic_hardware/sglang_direct_kv/artifacts/results/work_audit/controller_pivots_20261009_01/raw/runs/controlled/s2_trial1_controller_proactive_kv_management/hatcher_p3_high_controller_proactive_kv_management_tw1000_f15_twprofcustom_steps2_seed20260916_enccontroller_audit_pivots
DeepAgents,P3 Queue Pressure,PKV = Controller proactive KV management,hatcher_p3_high_session_000_pressure_004,hatcher_p3_high_session_000_pressure_004_tool_wait_02,hatcher_p3_high_session_000_pressure_004_replay_02,decision-555382cfa2816b31,cmd-4c3d8368fde799b3,controller_proactive_kv_management,yes,yes,yes,prepared_prefix_control,would_load_back,admit,admit_host_resident_evicted_prefix,2048,,,,,ready,hiradix.load_back+hicache.start_loading,8192,yes,yes,70404.26,70413.778,1,1,no,no,targeted SGLang KV prefetch hook accepted,"targeted prefetch hook acted, but KV movement telemetry was not observed before replay compute",hatcher_p3_high_controller_proactive_kv_management_tw1000_f15_twprofcustom_steps2_seed20260916_enccontroller_audit_pivots,/home/ec2-user/agentic_hardware/sglang_direct_kv/artifacts/results/work_audit/controller_pivots_20261009_01/raw/runs/controlled/s2_trial1_controller_proactive_kv_management/hatcher_p3_high_controller_proactive_kv_management_tw1000_f15_twprofcustom_steps2_seed20260916_enccontroller_audit_pivots
DeepAgents,P3 Queue Pressure,PKV = Controller proactive KV management,hatcher_p3_high_session_000_pressure_005,hatcher_p3_high_session_000_pressure_005_tool_wait_02,hatcher_p3_high_session_000_pressure_005_replay_02,decision-5d60016f919deb3e,cmd-813507ca4cadd9f7,controller_proactive_kv_management,yes,yes,yes,prepared_prefix_control,would_load_back,admit,admit_host_resident_evicted_prefix,2048,,,,,ready,hiradix.load_back+hicache.start_loading,8463,yes,yes,91560.289,91569.499,1,1,no,no,targeted SGLang KV prefetch hook accepted,"targeted prefetch hook acted, but KV movement telemetry was not observed before replay compute",hatcher_p3_high_controller_proactive_kv_management_tw1000_f15_twprofcustom_steps2_seed20260916_enccontroller_audit_pivots,/home/ec2-user/agentic_hardware/sglang_direct_kv/artifacts/results/work_audit/controller_pivots_20261009_01/raw/runs/controlled/s2_trial1_controller_proactive_kv_management/hatcher_p3_high_controller_proactive_kv_management_tw1000_f15_twprofcustom_steps2_seed20260916_enccontroller_audit_pivots
DeepAgents,P3 Queue Pressure,PKV = Controller proactive KV management,hatcher_p3_high_session_000_pressure_011,hatcher_p3_high_session_000_pressure_011_tool_wait_02,hatcher_p3_high_session_000_pressure_011_replay_02,decision-8d65bed14f48fba7,cmd-da6391a32f9acfd6,controller_proactive_kv_management,yes,yes,yes,prepared_prefix_control,would_load_back,admit,admit_host_resident_evicted_prefix,2048,,,,,ready,hiradix.load_back+hicache.start_loading,8192,yes,yes,102778.218,102787.521,1,1,no,no,targeted SGLang KV prefetch hook accepted,"targeted prefetch hook acted, but KV movement telemetry was not observed before replay compute",hatcher_p3_high_controller_proactive_kv_management_tw1000_f15_twprofcustom_steps2_seed20260916_enccontroller_audit_pivots,/home/ec2-user/agentic_hardware/sglang_direct_kv/artifacts/results/work_audit/controller_pivots_20261009_01/raw/runs/controlled/s2_trial1_controller_proactive_kv_management/hatcher_p3_high_controller_proactive_kv_management_tw1000_f15_twprofcustom_steps2_seed20260916_enccontroller_audit_pivots
DeepAgents,P3 Queue Pressure,PKV = Controller proactive KV management,hatcher_p3_high_session_000_pressure_003,hatcher_p3_high_session_000_pressure_003_tool_wait_02,hatcher_p3_high_session_000_pressure_003_replay_02,decision-db2b40a40ac78bf7,cmd-d41031f8f347f8c8,controller_proactive_kv_management,yes,yes,yes,prepared_prefix_control,would_load_back,admit,admit_host_resident_evicted_prefix,2048,,,,,load_back_not_admitted,,,yes,yes,92428.506,92437.743,0,0,no,no,targeted SGLang KV prefetch hook accepted,"targeted prefetch hook acted, but KV movement telemetry was not observed before replay compute",hatcher_p3_high_controller_proactive_kv_management_tw1000_f15_twprofcustom_steps2_seed20260916_enccontroller_audit_pivots,/home/ec2-user/agentic_hardware/sglang_direct_kv/artifacts/results/work_audit/controller_pivots_20261009_01/raw/runs/controlled/s2_trial1_controller_proactive_kv_management/hatcher_p3_high_controller_proactive_kv_management_tw1000_f15_twprofcustom_steps2_seed20260916_enccontroller_audit_pivots
DeepAgents,P3 Queue Pressure,PKV = Controller proactive KV management,hatcher_p3_high_session_000_pressure_008,hatcher_p3_high_session_000_pressure_008_tool_wait_02,hatcher_p3_high_session_000_pressure_008_replay_02,decision-7c916eec755a596a,cmd-23358df0f901de04,controller_proactive_kv_management,yes,yes,yes,prepared_prefix_control,would_load_back,admit,admit_host_resident_evicted_prefix,2048,,,,,ready,hiradix.load_back+hicache.start_loading,8192,yes,yes,68298.977,68308.054,1,1,no,no,targeted SGLang KV prefetch hook accepted,"targeted prefetch hook acted, but KV movement telemetry was not observed before replay compute",hatcher_p3_high_controller_proactive_kv_management_tw1000_f15_twprofcustom_steps2_seed20260916_enccontroller_audit_pivots,/home/ec2-user/agentic_hardware/sglang_direct_kv/artifacts/results/work_audit/controller_pivots_20261009_01/raw/runs/controlled/s2_trial1_controller_proactive_kv_management/hatcher_p3_high_controller_proactive_kv_management_tw1000_f15_twprofcustom_steps2_seed20260916_enccontroller_audit_pivots
DeepAgents,P3 Queue Pressure,PKV = Controller proactive KV management,hatcher_p3_high_session_000_pressure_012,hatcher_p3_high_session_000_pressure_012_tool_wait_02,hatcher_p3_high_session_000_pressure_012_replay_02,decision-a5f67708abc5b51b,cmd-9d6d589f199207d7,controller_proactive_kv_management,yes,yes,yes,prepared_prefix_control,would_load_back,admit,admit_host_resident_evicted_prefix,2048,,,,,load_back_not_admitted,,,yes,yes,90897.773,90906.907,0,0,no,no,targeted SGLang KV prefetch hook accepted,"targeted prefetch hook acted, but KV movement telemetry was not observed before replay compute",hatcher_p3_high_controller_proactive_kv_management_tw1000_f15_twprofcustom_steps2_seed20260916_enccontroller_audit_pivots,/home/ec2-user/agentic_hardware/sglang_direct_kv/artifacts/results/work_audit/controller_pivots_20261009_01/raw/runs/controlled/s2_trial1_controller_proactive_kv_management/hatcher_p3_high_controller_proactive_kv_management_tw1000_f15_twprofcustom_steps2_seed20260916_enccontroller_audit_pivots
DeepAgents,P3 Queue Pressure,PKV = Controller proactive KV management,hatcher_p3_high_session_000_pressure_010,hatcher_p3_high_session_000_pressure_010_tool_wait_02,hatcher_p3_high_session_000_pressure_010_replay_02,decision-4034597a4e4cc339,cmd-88370242bb0de26e,controller_proactive_kv_management,yes,yes,yes,prepared_prefix_control,would_load_back,admit,admit_host_resident_evicted_prefix,2048,,,,,ready,hiradix.load_back+hicache.start_loading,8192,yes,yes,63767.79,63777.312,1,1,no,no,targeted SGLang KV prefetch hook accepted,"targeted prefetch hook acted, but KV movement telemetry was not observed before replay compute",hatcher_p3_high_controller_proactive_kv_management_tw1000_f15_twprofcustom_steps2_seed20260916_enccontroller_audit_pivots,/home/ec2-user/agentic_hardware/sglang_direct_kv/artifacts/results/work_audit/controller_pivots_20261009_01/raw/runs/controlled/s2_trial1_controller_proactive_kv_management/hatcher_p3_high_controller_proactive_kv_management_tw1000_f15_twprofcustom_steps2_seed20260916_enccontroller_audit_pivots
DeepAgents,P3 Queue Pressure,PKV = Controller proactive KV management,hatcher_p3_high_session_000_pressure_014,hatcher_p3_high_session_000_pressure_014_tool_wait_02,hatcher_p3_high_session_000_pressure_014_replay_02,decision-161009596328932c,cmd-5a08f312acbd66c3,controller_proactive_kv_management,yes,yes,yes,prepared_prefix_control,would_load_back,admit,admit_host_resident_evicted_prefix,2048,,,,,ready,hiradix.load_back+hicache.start_loading,8496,yes,yes,68356.826,68366.194,1,1,no,no,targeted SGLang KV prefetch hook accepted,"targeted prefetch hook acted, but KV movement telemetry was not observed before replay compute",hatcher_p3_high_controller_proactive_kv_management_tw1000_f15_twprofcustom_steps2_seed20260916_enccontroller_audit_pivots,/home/ec2-user/agentic_hardware/sglang_direct_kv/artifacts/results/work_audit/controller_pivots_20261009_01/raw/runs/controlled/s2_trial1_controller_proactive_kv_management/hatcher_p3_high_controller_proactive_kv_management_tw1000_f15_twprofcustom_steps2_seed20260916_enccontroller_audit_pivots
DeepAgents,P3 Queue Pressure,PKV = Controller proactive KV management,hatcher_p3_high_session_000_pressure_013,hatcher_p3_high_session_000_pressure_013_tool_wait_02,hatcher_p3_high_session_000_pressure_013_replay_02,decision-7c44c6094483cab1,cmd-112180151a75dbb5,controller_proactive_kv_management,yes,yes,yes,prepared_prefix_control,would_load_back,admit,admit_host_resident_evicted_prefix,2048,,,,,ready,hiradix.load_back+hicache.start_loading,8193,yes,yes,63176.492,63185.791,1,1,no,no,targeted SGLang KV prefetch hook accepted,"targeted prefetch hook acted, but KV movement telemetry was not observed before replay compute",hatcher_p3_high_controller_proactive_kv_management_tw1000_f15_twprofcustom_steps2_seed20260916_enccontroller_audit_pivots,/home/ec2-user/agentic_hardware/sglang_direct_kv/artifacts/results/work_audit/controller_pivots_20261009_01/raw/runs/controlled/s2_trial1_controller_proactive_kv_management/hatcher_p3_high_controller_proactive_kv_management_tw1000_f15_twprofcustom_steps2_seed20260916_enccontroller_audit_pivots
