encoding_codec,encoding_config_hash,encoding_scope,encoding_status,encoding_reason,encoding_original_tokens,encoding_encoded_tokens,encoding_candidate_tokens,encoding_saved_tokens,encoding_elapsed_ms,encoding_legend_tokens,encoding_validation,encoding_original_hash,encoding_encoded_hash,encoding_tokenizer_id,encoding_rule_counts,prefill_full_input_tokens,prefill_cached_prefix_tokens,prefill_uncached_token_count,harness,harness_label,pressure_level,pressure_level_label,mode,mode_label,session_id,request_id,phase,request_group,tool_wait_step,task_replay_steps,tool_wait_profile,tool_wait_class,tool_wait_ms,controller_signal_schema,controller_signal_phase,controller_signal_work_class,controller_signal_tool_type,controller_signal_user_waiting,controller_signal_safe_to_demote,has_replay_deadline,first_token_lateness_ms,replay_debt_ms,due_to_request_start_ms,due_to_sglang_receive_ms,sglang_receive_to_first_token_ms,ttft_ms,sglang_priority,experiment_priority_intent,harness_input_priority_signal,harness_input_priority_signal_source,harness_emit_priority_signal,harness_emit_priority_signal_source,gateway_priority_translation,gateway_priority_translation_source,harness_native_cache_signal_seen,harness_native_cache_signal,harness_native_cache_signal_source,harness_native_cache_identity_signal,harness_native_cache_identity_source,gateway_cache_translation,gateway_cache_translation_source,gateway_cache_lowered,gateway_cache_salt,gateway_cache_invented_signal,controller_replay_rank,controller_urgent_replay_count,controller_priority_ladder,first_token_source,status,error,case_id,case_dir,replay_due_ts_ns,request_start_ts_ns,sglang_receive_ts_ns,first_token_ts_ns,request_end_ts_ns,backend_receive_source
identity,,,disabled,,,,,,,,,,,,,,,,instrumentation,instrumentation,p3_high,P3 Queue Pressure,instrumentation_sentinel,instrumentation_sentinel,instrumentation-sentinel,instrumentation-sentinel-f1310bf0bc6b4043acc5cabdc650f7e9,replay,target,,,,,,harness_controller_signal.v1,replay,target,synthetic,True,,no,,,,,1116.169,1116.169,,,,,,,,none,no,,,,,,none,no,,false,,,,gateway_first_content_timestamp,200,,hatcher_p3_high_no_prefetch_tw1000_f15_twprofcustom_steps2_seed20260917_enccontroller_audit_pivots,/home/ec2-user/agentic_hardware/sglang_direct_kv/artifacts/results/work_audit/controller_pivots_20261009_01/raw/runs/controlled/s3_trial2_no_prefetch/hatcher_p3_high_no_prefetch_tw1000_f15_twprofcustom_steps2_seed20260917_enccontroller_audit_pivots,0,1791582379304598056,0,1791582380420767003,1791582380421079259,gateway_request_start_fallback
identity,,,disabled,,,,,,,,,,,,,,,,hatcher,DeepAgents,p3_high,P3 Queue Pressure,no_prefetch,NP = No prefetch,hatcher_p3_high_session_000_pressure_000,hatcher_p3_high_session_000_pressure_000_replay_01,pressure_filler,filler,1,2,custom,very_short,339,harness_controller_signal.v1,pressure_filler,peer,synthetic,,,yes,86964.881,86964.881,60190.91,60190.91,26773.971,26773.971,,,,,,,,none,no,,,,,,none,no,,false,,,,gateway_first_content_timestamp,200,,hatcher_p3_high_no_prefetch_tw1000_f15_twprofcustom_steps2_seed20260917_enccontroller_audit_pivots,/home/ec2-user/agentic_hardware/sglang_direct_kv/artifacts/results/work_audit/controller_pivots_20261009_01/raw/runs/controlled/s3_trial2_no_prefetch/hatcher_p3_high_no_prefetch_tw1000_f15_twprofcustom_steps2_seed20260917_enccontroller_audit_pivots,1791582424002281492,1791582484193191385,0,1791582510967162753,1791582511589152037,gateway_request_start_fallback
identity,,,disabled,,,,,,,,,,,,,,,,hatcher,DeepAgents,p3_high,P3 Queue Pressure,no_prefetch,NP = No prefetch,hatcher_p3_high_session_000,hatcher_p3_high_session_000_replay_01,replay,target,1,2,custom,short,1608,harness_controller_signal.v1,replay,peer,synthetic,,,yes,95047.375,95047.375,58911.227,58911.227,36136.148,36136.148,,,,,,,,none,no,,,,,,none,no,,false,,,,gateway_first_content_timestamp,200,,hatcher_p3_high_no_prefetch_tw1000_f15_twprofcustom_steps2_seed20260917_enccontroller_audit_pivots,/home/ec2-user/agentic_hardware/sglang_direct_kv/artifacts/results/work_audit/controller_pivots_20261009_01/raw/runs/controlled/s3_trial2_no_prefetch/hatcher_p3_high_no_prefetch_tw1000_f15_twprofcustom_steps2_seed20260917_enccontroller_audit_pivots,1791582413214942358,1791582472126169292,0,1791582508262317730,1791582518690721284,gateway_request_start_fallback
identity,,,disabled,,,,,,,,,,,,,,,,hatcher,DeepAgents,p3_high,P3 Queue Pressure,no_prefetch,NP = No prefetch,hatcher_p3_high_session_000_pressure_003,hatcher_p3_high_session_000_pressure_003_replay_01,pressure_filler,filler,1,2,custom,short,2605,harness_controller_signal.v1,pressure_filler,peer,synthetic,,,yes,91795.174,91795.174,57931.288,57931.288,33863.886,33863.886,,,,,,,,none,no,,,,,,none,no,,false,,,,gateway_first_content_timestamp,200,,hatcher_p3_high_no_prefetch_tw1000_f15_twprofcustom_steps2_seed20260917_enccontroller_audit_pivots,/home/ec2-user/agentic_hardware/sglang_direct_kv/artifacts/results/work_audit/controller_pivots_20261009_01/raw/runs/controlled/s3_trial2_no_prefetch/hatcher_p3_high_no_prefetch_tw1000_f15_twprofcustom_steps2_seed20260917_enccontroller_audit_pivots,1791582426262214361,1791582484193502211,0,1791582518057387995,1791582518690678573,gateway_request_start_fallback
identity,,,disabled,,,,,,,,,,,,,,,,hatcher,DeepAgents,p3_high,P3 Queue Pressure,no_prefetch,NP = No prefetch,hatcher_p3_high_session_000_pressure_002,hatcher_p3_high_session_000_pressure_002_replay_01,pressure_filler,filler,1,2,custom,short,1392,harness_controller_signal.v1,pressure_filler,peer,synthetic,,,yes,88479.42,88479.42,59123.859,59123.859,29355.561,29355.561,,,,,,,,none,no,,,,,,none,no,,false,,,,gateway_first_content_timestamp,200,,hatcher_p3_high_no_prefetch_tw1000_f15_twprofcustom_steps2_seed20260917_enccontroller_audit_pivots,/home/ec2-user/agentic_hardware/sglang_direct_kv/artifacts/results/work_audit/controller_pivots_20261009_01/raw/runs/controlled/s3_trial2_no_prefetch/hatcher_p3_high_no_prefetch_tw1000_f15_twprofcustom_steps2_seed20260917_enccontroller_audit_pivots,1791582437162732618,1791582496286591120,0,1791582525642152184,1791582530906320885,gateway_request_start_fallback
identity,,,disabled,,,,,,,,,,,,,,,,hatcher,DeepAgents,p3_high,P3 Queue Pressure,no_prefetch,NP = No prefetch,hatcher_p3_high_session_000_pressure_005,hatcher_p3_high_session_000_pressure_005_replay_01,pressure_filler,filler,1,2,custom,short,2082,harness_controller_signal.v1,pressure_filler,peer,synthetic,,,yes,92418.305,92418.305,58442.488,58442.488,33975.817,33975.817,,,,,,,,none,no,,,,,,none,no,,false,,,,gateway_first_content_timestamp,200,,hatcher_p3_high_no_prefetch_tw1000_f15_twprofcustom_steps2_seed20260917_enccontroller_audit_pivots,/home/ec2-user/agentic_hardware/sglang_direct_kv/artifacts/results/work_audit/controller_pivots_20261009_01/raw/runs/controlled/s3_trial2_no_prefetch/hatcher_p3_high_no_prefetch_tw1000_f15_twprofcustom_steps2_seed20260917_enccontroller_audit_pivots,1791582437844035834,1791582496286524259,0,1791582530262340868,1791582530906545459,gateway_request_start_fallback
identity,,,disabled,,,,,,,,,,,,,,,,hatcher,DeepAgents,p3_high,P3 Queue Pressure,no_prefetch,NP = No prefetch,hatcher_p3_high_session_000_pressure_004,hatcher_p3_high_session_000_pressure_004_replay_01,pressure_filler,filler,1,2,custom,very_short,122,harness_controller_signal.v1,pressure_filler,peer,synthetic,,,yes,86148.538,86148.538,60945.933,60945.933,25202.604,25202.604,,,,,,,,none,no,,,,,,none,no,,false,,,,gateway_first_content_timestamp,200,,hatcher_p3_high_no_prefetch_tw1000_f15_twprofcustom_steps2_seed20260917_enccontroller_audit_pivots,/home/ec2-user/agentic_hardware/sglang_direct_kv/artifacts/results/work_audit/controller_pivots_20261009_01/raw/runs/controlled/s3_trial2_no_prefetch/hatcher_p3_high_no_prefetch_tw1000_f15_twprofcustom_steps2_seed20260917_enccontroller_audit_pivots,1791582448011373638,1791582508957306939,0,1791582534159911377,1791582538622067469,gateway_request_start_fallback
identity,,,disabled,,,,,,,,,,,,,,,,hatcher,DeepAgents,p3_high,P3 Queue Pressure,no_prefetch,NP = No prefetch,hatcher_p3_high_session_000_pressure_001,hatcher_p3_high_session_000_pressure_001_replay_01,pressure_filler,filler,1,2,custom,very_short,291,harness_controller_signal.v1,pressure_filler,peer,synthetic,,,yes,89813.885,89813.885,63427.099,63427.099,26386.786,26386.786,,,,,,,,none,no,,,,,,none,no,,false,,,,gateway_first_content_timestamp,200,,hatcher_p3_high_no_prefetch_tw1000_f15_twprofcustom_steps2_seed20260917_enccontroller_audit_pivots,/home/ec2-user/agentic_hardware/sglang_direct_kv/artifacts/results/work_audit/controller_pivots_20261009_01/raw/runs/controlled/s3_trial2_no_prefetch/hatcher_p3_high_no_prefetch_tw1000_f15_twprofcustom_steps2_seed20260917_enccontroller_audit_pivots,1791582448172256420,1791582511599355383,0,1791582537986141379,1791582538621978438,gateway_request_start_fallback
identity,,,disabled,,,,,,,,,,,,,,,,hatcher,DeepAgents,p3_high,P3 Queue Pressure,no_prefetch,NP = No prefetch,hatcher_p3_high_session_000_pressure_006,hatcher_p3_high_session_000_pressure_006_replay_01,pressure_filler,filler,1,2,custom,short,4702,harness_controller_signal.v1,pressure_filler,peer,synthetic,,,yes,80940.124,80940.124,54036.744,54036.744,26903.38,26903.38,,,,,,,,none,no,,,,,,none,no,,false,,,,gateway_first_content_timestamp,200,,hatcher_p3_high_no_prefetch_tw1000_f15_twprofcustom_steps2_seed20260917_enccontroller_audit_pivots,/home/ec2-user/agentic_hardware/sglang_direct_kv/artifacts/results/work_audit/controller_pivots_20261009_01/raw/runs/controlled/s3_trial2_no_prefetch/hatcher_p3_high_no_prefetch_tw1000_f15_twprofcustom_steps2_seed20260917_enccontroller_audit_pivots,1791582464673625483,1791582518710369041,0,1791582545613749151,1791582546249940156,gateway_request_start_fallback
identity,,,disabled,,,,,,,,,,,,,,,,hatcher,DeepAgents,p3_high,P3 Queue Pressure,no_prefetch,NP = No prefetch,hatcher_p3_high_session_000_pressure_009,hatcher_p3_high_session_000_pressure_009_replay_01,pressure_filler,filler,1,2,custom,short,2008,harness_controller_signal.v1,pressure_filler,peer,synthetic,,,yes,67767.97,67767.97,44590.429,44590.429,23177.541,23177.541,,,,,,,,none,no,,,,,,none,no,,false,,,,gateway_first_content_timestamp,200,,hatcher_p3_high_no_prefetch_tw1000_f15_twprofcustom_steps2_seed20260917_enccontroller_audit_pivots,/home/ec2-user/agentic_hardware/sglang_direct_kv/artifacts/results/work_audit/controller_pivots_20261009_01/raw/runs/controlled/s3_trial2_no_prefetch/hatcher_p3_high_no_prefetch_tw1000_f15_twprofcustom_steps2_seed20260917_enccontroller_audit_pivots,1791582474119882598,1791582518710311630,0,1791582541887852333,1791582546249916046,gateway_request_start_fallback
identity,,,disabled,,,,,,,,,,,,,,,,hatcher,DeepAgents,p3_high,P3 Queue Pressure,no_prefetch,NP = No prefetch,hatcher_p3_high_session_000_pressure_010,hatcher_p3_high_session_000_pressure_010_replay_01,pressure_filler,filler,1,2,custom,short,4341,harness_controller_signal.v1,pressure_filler,peer,synthetic,,,yes,60948.356,60948.356,42398.722,42398.722,18549.634,18549.634,,,,,,,,none,no,,,,,,none,no,,false,,,,gateway_first_content_timestamp,200,,hatcher_p3_high_no_prefetch_tw1000_f15_twprofcustom_steps2_seed20260917_enccontroller_audit_pivots,/home/ec2-user/agentic_hardware/sglang_direct_kv/artifacts/results/work_audit/controller_pivots_20261009_01/raw/runs/controlled/s3_trial2_no_prefetch/hatcher_p3_high_no_prefetch_tw1000_f15_twprofcustom_steps2_seed20260917_enccontroller_audit_pivots,1791582488526983554,1791582530925705206,0,1791582549475339216,1791582553954504513,gateway_request_start_fallback
identity,,,disabled,,,,,,,,,,,,,,,,hatcher,DeepAgents,p3_high,P3 Queue Pressure,no_prefetch,NP = No prefetch,hatcher_p3_high_session_000_pressure_008,hatcher_p3_high_session_000_pressure_008_replay_01,pressure_filler,filler,1,2,custom,short,4306,harness_controller_signal.v1,pressure_filler,peer,synthetic,,,yes,76899.217,76899.217,54508.781,54508.781,22390.436,22390.436,,,,,,,,none,no,,,,,,none,no,,false,,,,gateway_first_content_timestamp,200,,hatcher_p3_high_no_prefetch_tw1000_f15_twprofcustom_steps2_seed20260917_enccontroller_audit_pivots,/home/ec2-user/agentic_hardware/sglang_direct_kv/artifacts/results/work_audit/controller_pivots_20261009_01/raw/runs/controlled/s3_trial2_no_prefetch/hatcher_p3_high_no_prefetch_tw1000_f15_twprofcustom_steps2_seed20260917_enccontroller_audit_pivots,1791582476416982416,1791582530925763368,0,1791582553316199073,1791582553954598035,gateway_request_start_fallback
identity,,,disabled,,,,,,,,,,,,,,,,hatcher,DeepAgents,p3_high,P3 Queue Pressure,no_prefetch,NP = No prefetch,hatcher_p3_high_session_000_pressure_014,hatcher_p3_high_session_000_pressure_014_replay_01,pressure_filler,filler,1,2,custom,very_short,261,harness_controller_signal.v1,pressure_filler,peer,synthetic,,,yes,46894.661,46894.661,29437.827,29437.827,17456.833,17456.833,,,,,,,,none,no,,,,,,none,no,,false,,,,gateway_first_content_timestamp,200,,hatcher_p3_high_no_prefetch_tw1000_f15_twprofcustom_steps2_seed20260917_enccontroller_audit_pivots,/home/ec2-user/agentic_hardware/sglang_direct_kv/artifacts/results/work_audit/controller_pivots_20261009_01/raw/runs/controlled/s3_trial2_no_prefetch/hatcher_p3_high_no_prefetch_tw1000_f15_twprofcustom_steps2_seed20260917_enccontroller_audit_pivots,1791582509209912676,1791582538647740055,0,1791582556104573338,1791582556742163875,gateway_request_start_fallback
identity,,,disabled,,,,,,,,,,,,,,,,hatcher,DeepAgents,p3_high,P3 Queue Pressure,no_prefetch,NP = No prefetch,hatcher_p3_high_session_000_pressure_013,hatcher_p3_high_session_000_pressure_013_replay_01,pressure_filler,filler,1,2,custom,short,2784,harness_controller_signal.v1,pressure_filler,peer,synthetic,,,yes,57057.094,57057.094,39600.64,39600.64,17456.454,17456.454,,,,,,,,none,no,,,,,,none,no,,false,,,,gateway_first_content_timestamp,200,,hatcher_p3_high_no_prefetch_tw1000_f15_twprofcustom_steps2_seed20260917_enccontroller_audit_pivots,/home/ec2-user/agentic_hardware/sglang_direct_kv/artifacts/results/work_audit/controller_pivots_20261009_01/raw/runs/controlled/s3_trial2_no_prefetch/hatcher_p3_high_no_prefetch_tw1000_f15_twprofcustom_steps2_seed20260917_enccontroller_audit_pivots,1791582499048051794,1791582538648691422,0,1791582556105145618,1791582556742250746,gateway_request_start_fallback
identity,,,disabled,,,,,,,,,,,,,,,,hatcher,DeepAgents,p3_high,P3 Queue Pressure,no_prefetch,NP = No prefetch,hatcher_p3_high_session_000_pressure_012,hatcher_p3_high_session_000_pressure_012_replay_01,pressure_filler,filler,1,2,custom,medium,18519,harness_controller_signal.v1,pressure_filler,peer,synthetic,,,yes,48659.953,48659.953,31477.991,31477.991,17181.962,17181.962,,,,,,,,none,no,,,,,,none,no,,false,,,,gateway_first_content_timestamp,200,,hatcher_p3_high_no_prefetch_tw1000_f15_twprofcustom_steps2_seed20260917_enccontroller_audit_pivots,/home/ec2-user/agentic_hardware/sglang_direct_kv/artifacts/results/work_audit/controller_pivots_20261009_01/raw/runs/controlled/s3_trial2_no_prefetch/hatcher_p3_high_no_prefetch_tw1000_f15_twprofcustom_steps2_seed20260917_enccontroller_audit_pivots,1791582514791630696,1791582546269621684,0,1791582563451583243,1791582564092265336,gateway_request_start_fallback
identity,,,disabled,,,,,,,,,,,,,,,,hatcher,DeepAgents,p3_high,P3 Queue Pressure,no_prefetch,NP = No prefetch,hatcher_p3_high_session_000_pressure_011,hatcher_p3_high_session_000_pressure_011_replay_01,pressure_filler,filler,1,2,custom,medium,28400,harness_controller_signal.v1,pressure_filler,peer,synthetic,,,yes,50874.549,50874.549,33692.836,33692.836,17181.713,17181.713,,,,,,,,none,no,,,,,,none,no,,false,,,,gateway_first_content_timestamp,200,,hatcher_p3_high_no_prefetch_tw1000_f15_twprofcustom_steps2_seed20260917_enccontroller_audit_pivots,/home/ec2-user/agentic_hardware/sglang_direct_kv/artifacts/results/work_audit/controller_pivots_20261009_01/raw/runs/controlled/s3_trial2_no_prefetch/hatcher_p3_high_no_prefetch_tw1000_f15_twprofcustom_steps2_seed20260917_enccontroller_audit_pivots,1791582512576733779,1791582546269569703,0,1791582563451282917,1791582564092185384,gateway_request_start_fallback
identity,,,disabled,,,,,,,,,,,,,,,,hatcher,DeepAgents,p3_high,P3 Queue Pressure,no_prefetch,NP = No prefetch,hatcher_p3_high_session_000_pressure_003,hatcher_p3_high_session_000_pressure_003_replay_02,pressure_filler,filler,2,2,custom,short,4696,harness_controller_signal.v1,pressure_filler,peer,synthetic,,,yes,42829.475,42829.475,30579.996,30579.996,12249.478,12249.478,,,,,,,,none,no,,,,,,none,no,,false,,,,gateway_first_content_timestamp,200,,hatcher_p3_high_no_prefetch_tw1000_f15_twprofcustom_steps2_seed20260917_enccontroller_audit_pivots,/home/ec2-user/agentic_hardware/sglang_direct_kv/artifacts/results/work_audit/controller_pivots_20261009_01/raw/runs/controlled/s3_trial2_no_prefetch/hatcher_p3_high_no_prefetch_tw1000_f15_twprofcustom_steps2_seed20260917_enccontroller_audit_pivots,1791582523394368485,1791582553974364723,0,1791582566223843155,1791582566843666439,gateway_request_start_fallback
identity,,,disabled,,,,,,,,,,,,,,,,hatcher,DeepAgents,p3_high,P3 Queue Pressure,no_prefetch,NP = No prefetch,hatcher_p3_high_session_000_pressure_002,hatcher_p3_high_session_000_pressure_002_replay_02,pressure_filler,filler,2,2,custom,very_short,276,harness_controller_signal.v1,pressure_filler,peer,synthetic,,,yes,37672.699,37672.699,25576.834,25576.834,12095.865,12095.865,,,,,,,,none,no,,,,,,none,no,,false,,,,gateway_first_content_timestamp,200,,hatcher_p3_high_no_prefetch_tw1000_f15_twprofcustom_steps2_seed20260917_enccontroller_audit_pivots,/home/ec2-user/agentic_hardware/sglang_direct_kv/artifacts/results/work_audit/controller_pivots_20261009_01/raw/runs/controlled/s3_trial2_no_prefetch/hatcher_p3_high_no_prefetch_tw1000_f15_twprofcustom_steps2_seed20260917_enccontroller_audit_pivots,1791582531184760865,1791582556761594607,0,1791582568857459747,1791582569462901239,gateway_request_start_fallback
identity,,,disabled,,,,,,,,,,,,,,,,hatcher,DeepAgents,p3_high,P3 Queue Pressure,no_prefetch,NP = No prefetch,hatcher_p3_high_session_000_pressure_000,hatcher_p3_high_session_000_pressure_000_replay_02,pressure_filler,filler,2,2,custom,medium,15881,harness_controller_signal.v1,pressure_filler,peer,synthetic,,,yes,48551.81,48551.81,29285.515,29285.515,19266.295,19266.295,,,,,,,,none,no,,,,,,none,no,,false,,,,gateway_first_content_timestamp,200,,hatcher_p3_high_no_prefetch_tw1000_f15_twprofcustom_steps2_seed20260917_enccontroller_audit_pivots,/home/ec2-user/agentic_hardware/sglang_direct_kv/artifacts/results/work_audit/controller_pivots_20261009_01/raw/runs/controlled/s3_trial2_no_prefetch/hatcher_p3_high_no_prefetch_tw1000_f15_twprofcustom_steps2_seed20260917_enccontroller_audit_pivots,1791582527476061780,1791582556761576377,0,1791582576027871843,1791582576644180983,gateway_request_start_fallback
identity,,,disabled,,,,,,,,,,,,,,,,hatcher,DeepAgents,p3_high,P3 Queue Pressure,no_prefetch,NP = No prefetch,hatcher_p3_high_session_000,hatcher_p3_high_session_000_replay_02,replay,target,2,2,custom,very_short,199,harness_controller_signal.v1,replay,peer,synthetic,,,yes,47323.141,47323.141,35073.916,35073.916,12249.225,12249.225,,,,,,,,none,no,,,,,,none,no,,false,,,,gateway_first_content_timestamp,200,,hatcher_p3_high_no_prefetch_tw1000_f15_twprofcustom_steps2_seed20260917_enccontroller_audit_pivots,/home/ec2-user/agentic_hardware/sglang_direct_kv/artifacts/results/work_audit/controller_pivots_20261009_01/raw/runs/controlled/s3_trial2_no_prefetch/hatcher_p3_high_no_prefetch_tw1000_f15_twprofcustom_steps2_seed20260917_enccontroller_audit_pivots,1791582518900380681,1791582553974296542,0,1791582566223521289,1791582576644087861,gateway_request_start_fallback
identity,,,disabled,,,,,,,,,,,,,,,,hatcher,DeepAgents,p3_high,P3 Queue Pressure,no_prefetch,NP = No prefetch,hatcher_p3_high_session_000_pressure_004,hatcher_p3_high_session_000_pressure_004_replay_02,pressure_filler,filler,2,2,custom,very_short,305,harness_controller_signal.v1,pressure_filler,peer,synthetic,,,yes,40933.633,40933.633,25180.099,25180.099,15753.534,15753.534,,,,,,,,none,no,,,,,,none,no,,false,,,,gateway_first_content_timestamp,200,,hatcher_p3_high_no_prefetch_tw1000_f15_twprofcustom_steps2_seed20260917_enccontroller_audit_pivots,/home/ec2-user/agentic_hardware/sglang_direct_kv/artifacts/results/work_audit/controller_pivots_20261009_01/raw/runs/controlled/s3_trial2_no_prefetch/hatcher_p3_high_no_prefetch_tw1000_f15_twprofcustom_steps2_seed20260917_enccontroller_audit_pivots,1791582538937602015,1791582564117701327,0,1791582579871235284,1791582584369004786,gateway_request_start_fallback
identity,,,disabled,,,,,,,,,,,,,,,,hatcher,DeepAgents,p3_high,P3 Queue Pressure,no_prefetch,NP = No prefetch,hatcher_p3_high_session_000_pressure_007,hatcher_p3_high_session_000_pressure_007_replay_01,pressure_filler,filler,1,2,custom,long,77903,harness_controller_signal.v1,pressure_filler,peer,synthetic,,,yes,45851.482,45851.482,26241.648,26241.648,19609.834,19609.834,,,,,,,,none,no,,,,,,none,no,,false,,,,gateway_first_content_timestamp,200,,hatcher_p3_high_no_prefetch_tw1000_f15_twprofcustom_steps2_seed20260917_enccontroller_audit_pivots,/home/ec2-user/agentic_hardware/sglang_direct_kv/artifacts/results/work_audit/controller_pivots_20261009_01/raw/runs/controlled/s3_trial2_no_prefetch/hatcher_p3_high_no_prefetch_tw1000_f15_twprofcustom_steps2_seed20260917_enccontroller_audit_pivots,1791582537876069488,1791582564117717067,0,1791582583727551109,1791582584368978416,gateway_request_start_fallback
identity,,,disabled,,,,,,,,,,,,,,,,hatcher,DeepAgents,p3_high,P3 Queue Pressure,no_prefetch,NP = No prefetch,hatcher_p3_high_session_000_pressure_006,hatcher_p3_high_session_000_pressure_006_replay_02,pressure_filler,filler,2,2,custom,very_short,201,harness_controller_signal.v1,pressure_filler,peer,synthetic,,,yes,39722.833,39722.833,20400.455,20400.455,19322.378,19322.378,,,,,,,,none,no,,,,,,none,no,,false,,,,gateway_first_content_timestamp,200,,hatcher_p3_high_no_prefetch_tw1000_f15_twprofcustom_steps2_seed20260917_enccontroller_audit_pivots,/home/ec2-user/agentic_hardware/sglang_direct_kv/artifacts/results/work_audit/controller_pivots_20261009_01/raw/runs/controlled/s3_trial2_no_prefetch/hatcher_p3_high_no_prefetch_tw1000_f15_twprofcustom_steps2_seed20260917_enccontroller_audit_pivots,1791582546453481506,1791582566853936537,0,1791582586176314345,1791582586808490761,gateway_request_start_fallback
identity,,,disabled,,,,,,,,,,,,,,,,hatcher,DeepAgents,p3_high,P3 Queue Pressure,no_prefetch,NP = No prefetch,hatcher_p3_high_session_000_pressure_010,hatcher_p3_high_session_000_pressure_010_replay_02,pressure_filler,filler,2,2,custom,short,2959,harness_controller_signal.v1,pressure_filler,peer,synthetic,,,yes,29260.249,29260.249,12556.685,12556.685,16703.564,16703.564,,,,,,,,none,no,,,,,,none,no,,false,,,,gateway_first_content_timestamp,200,,hatcher_p3_high_no_prefetch_tw1000_f15_twprofcustom_steps2_seed20260917_enccontroller_audit_pivots,/home/ec2-user/agentic_hardware/sglang_direct_kv/artifacts/results/work_audit/controller_pivots_20261009_01/raw/runs/controlled/s3_trial2_no_prefetch/hatcher_p3_high_no_prefetch_tw1000_f15_twprofcustom_steps2_seed20260917_enccontroller_audit_pivots,1791582556916375125,1791582569473060533,0,1791582586176624190,1791582586808574532,gateway_request_start_fallback
identity,,,disabled,,,,,,,,,,,,,,,,hatcher,DeepAgents,p3_high,P3 Queue Pressure,no_prefetch,NP = No prefetch,hatcher_p3_high_session_000_pressure_014,hatcher_p3_high_session_000_pressure_014_replay_02,pressure_filler,filler,2,2,custom,short,4309,harness_controller_signal.v1,pressure_filler,peer,synthetic,,,yes,31885.006,31885.006,15607.534,15607.534,16277.472,16277.472,,,,,,,,none,no,,,,,,none,no,,false,,,,gateway_first_content_timestamp,200,,hatcher_p3_high_no_prefetch_tw1000_f15_twprofcustom_steps2_seed20260917_enccontroller_audit_pivots,/home/ec2-user/agentic_hardware/sglang_direct_kv/artifacts/results/work_audit/controller_pivots_20261009_01/raw/runs/controlled/s3_trial2_no_prefetch/hatcher_p3_high_no_prefetch_tw1000_f15_twprofcustom_steps2_seed20260917_enccontroller_audit_pivots,1791582561055749719,1791582576663283710,0,1791582592940755234,1791582593562090742,gateway_request_start_fallback
identity,,,disabled,,,,,,,,,,,,,,,,hatcher,DeepAgents,p3_high,P3 Queue Pressure,no_prefetch,NP = No prefetch,hatcher_p3_high_session_000_pressure_005,hatcher_p3_high_session_000_pressure_005_replay_02,pressure_filler,filler,2,2,custom,medium,28491,harness_controller_signal.v1,pressure_filler,peer,synthetic,,,yes,33529.976,33529.976,17252.638,17252.638,16277.338,16277.338,,,,,,,,none,no,,,,,,none,no,,false,,,,gateway_first_content_timestamp,200,,hatcher_p3_high_no_prefetch_tw1000_f15_twprofcustom_steps2_seed20260917_enccontroller_audit_pivots,/home/ec2-user/agentic_hardware/sglang_direct_kv/artifacts/results/work_audit/controller_pivots_20261009_01/raw/runs/controlled/s3_trial2_no_prefetch/hatcher_p3_high_no_prefetch_tw1000_f15_twprofcustom_steps2_seed20260917_enccontroller_audit_pivots,1791582559410475102,1791582576663112627,0,1791582592940450999,1791582593562133513,gateway_request_start_fallback
identity,,,disabled,,,,,,,,,,,,,,,,hatcher,DeepAgents,p3_high,P3 Queue Pressure,no_prefetch,NP = No prefetch,hatcher_p3_high_session_000_pressure_012,hatcher_p3_high_session_000_pressure_012_replay_02,pressure_filler,filler,2,2,custom,medium,23407,harness_controller_signal.v1,pressure_filler,peer,synthetic,,,yes,7401.757,7401.757,9.305,9.305,7392.451,7392.451,,,,,,,,none,no,,,,,,none,no,,false,,,,gateway_first_content_timestamp,200,,hatcher_p3_high_no_prefetch_tw1000_f15_twprofcustom_steps2_seed20260917_enccontroller_audit_pivots,/home/ec2-user/agentic_hardware/sglang_direct_kv/artifacts/results/work_audit/controller_pivots_20261009_01/raw/runs/controlled/s3_trial2_no_prefetch/hatcher_p3_high_no_prefetch_tw1000_f15_twprofcustom_steps2_seed20260917_enccontroller_audit_pivots,1791582587510885072,1791582587520190471,0,1791582594912641780,1791582595494303227,gateway_request_start_fallback
identity,,,disabled,,,,,,,,,,,,,,,,hatcher,DeepAgents,p3_high,P3 Queue Pressure,no_prefetch,NP = No prefetch,hatcher_p3_high_session_000_pressure_009,hatcher_p3_high_session_000_pressure_009_replay_02,pressure_filler,filler,2,2,custom,medium,24358,harness_controller_signal.v1,pressure_filler,peer,synthetic,,,yes,24292.342,24292.342,13759.485,13759.485,10532.857,10532.857,,,,,,,,none,no,,,,,,none,no,,false,,,,gateway_first_content_timestamp,200,,hatcher_p3_high_no_prefetch_tw1000_f15_twprofcustom_steps2_seed20260917_enccontroller_audit_pivots,/home/ec2-user/agentic_hardware/sglang_direct_kv/artifacts/results/work_audit/controller_pivots_20261009_01/raw/runs/controlled/s3_trial2_no_prefetch/hatcher_p3_high_no_prefetch_tw1000_f15_twprofcustom_steps2_seed20260917_enccontroller_audit_pivots,1791582570620597368,1791582584380082086,0,1791582594912939385,1791582595494382398,gateway_request_start_fallback
identity,,,disabled,,,,,,,,,,,,,,,,hatcher,DeepAgents,p3_high,P3 Queue Pressure,no_prefetch,NP = No prefetch,hatcher_p3_high_session_000_pressure_007,hatcher_p3_high_session_000_pressure_007_replay_02,pressure_filler,filler,2,2,custom,medium,13470,harness_controller_signal.v1,pressure_filler,peer,synthetic,,,yes,712.723,712.723,9.241,9.241,703.482,703.482,,,,,,,,none,no,,,,,,none,no,,false,,,,gateway_first_content_timestamp,200,,hatcher_p3_high_no_prefetch_tw1000_f15_twprofcustom_steps2_seed20260917_enccontroller_audit_pivots,/home/ec2-user/agentic_hardware/sglang_direct_kv/artifacts/results/work_audit/controller_pivots_20261009_01/raw/runs/controlled/s3_trial2_no_prefetch/hatcher_p3_high_no_prefetch_tw1000_f15_twprofcustom_steps2_seed20260917_enccontroller_audit_pivots,1791582597844270586,1791582597853511604,0,1791582598556993226,1791582598923434289,gateway_request_start_fallback
identity,,,disabled,,,,,,,,,,,,,,,,hatcher,DeepAgents,p3_high,P3 Queue Pressure,no_prefetch,NP = No prefetch,hatcher_p3_high_session_000_pressure_001,hatcher_p3_high_session_000_pressure_001_replay_02,pressure_filler,filler,2,2,custom,long,79130,harness_controller_signal.v1,pressure_filler,peer,synthetic,,,yes,4753.498,4753.498,9.277,9.277,4744.221,4744.221,,,,,,,,none,no,,,,,,none,no,,false,,,,gateway_first_content_timestamp,200,,hatcher_p3_high_no_prefetch_tw1000_f15_twprofcustom_steps2_seed20260917_enccontroller_audit_pivots,/home/ec2-user/agentic_hardware/sglang_direct_kv/artifacts/results/work_audit/controller_pivots_20261009_01/raw/runs/controlled/s3_trial2_no_prefetch/hatcher_p3_high_no_prefetch_tw1000_f15_twprofcustom_steps2_seed20260917_enccontroller_audit_pivots,1791582617756452462,1791582617765729409,0,1791582622509950531,1791582622879913037,gateway_request_start_fallback
identity,,,disabled,,,,,,,,,,,,,,,,hatcher,DeepAgents,p3_high,P3 Queue Pressure,no_prefetch,NP = No prefetch,hatcher_p3_high_session_000_pressure_008,hatcher_p3_high_session_000_pressure_008_replay_02,pressure_filler,filler,2,2,custom,long,88962,harness_controller_signal.v1,pressure_filler,peer,synthetic,,,yes,4734.4,4734.4,9.213,9.213,4725.187,4725.187,,,,,,,,none,no,,,,,,none,no,,false,,,,gateway_first_content_timestamp,200,,hatcher_p3_high_no_prefetch_tw1000_f15_twprofcustom_steps2_seed20260917_enccontroller_audit_pivots,/home/ec2-user/agentic_hardware/sglang_direct_kv/artifacts/results/work_audit/controller_pivots_20261009_01/raw/runs/controlled/s3_trial2_no_prefetch/hatcher_p3_high_no_prefetch_tw1000_f15_twprofcustom_steps2_seed20260917_enccontroller_audit_pivots,1791582642940501345,1791582642949714792,0,1791582647674901587,1791582648045724554,gateway_request_start_fallback
identity,,,disabled,,,,,,,,,,,,,,,,hatcher,DeepAgents,p3_high,P3 Queue Pressure,no_prefetch,NP = No prefetch,hatcher_p3_high_session_000_pressure_013,hatcher_p3_high_session_000_pressure_013_replay_02,pressure_filler,filler,2,2,custom,long,116147,harness_controller_signal.v1,pressure_filler,peer,synthetic,,,yes,5547.645,5547.645,9.264,9.264,5538.381,5538.381,,,,,,,,none,no,,,,,,none,no,,false,,,,gateway_first_content_timestamp,200,,hatcher_p3_high_no_prefetch_tw1000_f15_twprofcustom_steps2_seed20260917_enccontroller_audit_pivots,/home/ec2-user/agentic_hardware/sglang_direct_kv/artifacts/results/work_audit/controller_pivots_20261009_01/raw/runs/controlled/s3_trial2_no_prefetch/hatcher_p3_high_no_prefetch_tw1000_f15_twprofcustom_steps2_seed20260917_enccontroller_audit_pivots,1791582672916986185,1791582672926250314,0,1791582678464631014,1791582683445526465,gateway_request_start_fallback
identity,,,disabled,,,,,,,,,,,,,,,,hatcher,DeepAgents,p3_high,P3 Queue Pressure,no_prefetch,NP = No prefetch,hatcher_p3_high_session_000_pressure_011,hatcher_p3_high_session_000_pressure_011_replay_02,pressure_filler,filler,2,2,custom,long,109701,harness_controller_signal.v1,pressure_filler,peer,synthetic,,,yes,9064.15,9064.15,9.544,9.544,9054.606,9054.606,,,,,,,,none,no,,,,,,none,no,,false,,,,gateway_first_content_timestamp,200,,hatcher_p3_high_no_prefetch_tw1000_f15_twprofcustom_steps2_seed20260917_enccontroller_audit_pivots,/home/ec2-user/agentic_hardware/sglang_direct_kv/artifacts/results/work_audit/controller_pivots_20261009_01/raw/runs/controlled/s3_trial2_no_prefetch/hatcher_p3_high_no_prefetch_tw1000_f15_twprofcustom_steps2_seed20260917_enccontroller_audit_pivots,1791582673796521264,1791582673806065266,0,1791582682860671609,1791582683445566386,gateway_request_start_fallback
